{
  "best_global_step": null,
  "best_metric": null,
  "best_model_checkpoint": null,
  "epoch": 1.0,
  "eval_steps": 500,
  "global_step": 34,
  "is_hyper_param_search": false,
  "is_local_process_zero": true,
  "is_world_process_zero": true,
  "log_history": [
    {
      "entropy": 3.9020396947860716,
      "epoch": 0.29411764705882354,
      "grad_norm": 1.0324000120162964,
      "learning_rate": 0.00017957094080264634,
      "loss": 4.254752349853516,
      "mean_token_accuracy": 0.3257661730051041,
      "num_tokens": 676.0,
      "step": 10
    },
    {
      "entropy": 3.9743826627731322,
      "epoch": 0.5882352941176471,
      "grad_norm": 1.0487340688705444,
      "learning_rate": 0.00010117845737033956,
      "loss": 4.383444976806641,
      "mean_token_accuracy": 0.3522127360105515,
      "num_tokens": 1243.0,
      "step": 20
    },
    {
      "entropy": 4.016634774208069,
      "epoch": 0.8823529411764706,
      "grad_norm": 2.2633988857269287,
      "learning_rate": 3.062708620864806e-05,
      "loss": 4.266454696655273,
      "mean_token_accuracy": 0.34591659903526306,
      "num_tokens": 1767.0,
      "step": 30
    }
  ],
  "logging_steps": 10,
  "max_steps": 34,
  "num_input_tokens_seen": 0,
  "num_train_epochs": 1,
  "save_steps": 500,
  "stateful_callbacks": {
    "TrainerControl": {
      "args": {
        "should_epoch_stop": false,
        "should_evaluate": false,
        "should_log": false,
        "should_save": true,
        "should_training_stop": true
      },
      "attributes": {}
    }
  },
  "total_flos": 1048436167680.0,
  "train_batch_size": 1,
  "trial_name": null,
  "trial_params": null
}
